index,value_cnt,value_prcnt,mapped,column_name
osCzpM4hJrxugqWWuZmMWw==,5058,8.434779708501484,score_2_0,score_2
SaamrHMo23l/3TwXOWgVzw==,4620,7.704365807290799,score_2_1,score_2
RO7MTL+j4PH2gNzbhNTq/A==,4217,7.0323183137111025,score_2_2,score_2
/tdlnWjXoZ3OjdtBXzdOJQ==,3603,6.008404762698863,score_2_3,score_2
Fv28Bz0YRTVAT5kl1bAV6g==,3315,5.5281326084781375,score_2_4,score_2
7h+tk4z7O9brtBSe1rNjxA==,3274,5.459760530967548,score_2_5,score_2
rJZgTmANW3PjOCQLCcp4iQ==,3265,5.444752026148151,score_2_6,score_2
pAzpxkhjPsjWldgSX21+zg==,2947,4.914451522529433,score_2_others,score_2
IOVu8au3ISbo6+zmfnYwMg==,2899,4.834406163492646,score_2_others,score_2
tQUTfUyeuGkhRotd+6WjVg==,2724,4.5425741253376914,score_2_others,score_2
LCak332j+TYFqHC3NDwiqg==,2644,4.409165193609712,score_2_others,score_2
dCm9hFKfdRm7ej3jW+gyxw==,2442,4.072307640996565,score_2_others,score_2
d/7Hedyz7ovK9Pn1CYN4+A==,2148,3.5820298168962412,score_2_others,score_2
OlDYtdljgSSYM/M1L2CRaQ==,1908,3.181803021712304,score_2_others,score_2
7h8PTkrlTWUPP3yuyP4rUg==,1844,3.07507587632992,score_2_others,score_2
wkeCdGeu5sEv4/fjwR0aDg==,1655,2.7598972751225697,score_2_others,score_2
YLGMUI9hObSh6wD/xfanGg==,1622,2.7048660907847784,score_2_others,score_2
+CxEO4w7jv3QPI/BQbyqAA==,1517,2.529766867891805,score_2_others,score_2
emS9xH8CLoRNie2uSmaDAQ==,1458,2.4313777807424204,score_2_others,score_2
mX2VRRG38RPiHX+MfjefRw==,1268,2.11453156788847,score_2_others,score_2
ky19q4V1ZqgL3jnHX0wKDw==,916,1.5275322682853616,score_2_others,score_2
NLvAOzzmJba/0zolQnWF5Q==,837,1.3957909482039823,score_2_others,score_2
w1miZqhB5+RSamEQJa0rqg==,706,1.1773338224994163,score_2_others,score_2
cdpgyOyZS04uXerMNu7uCw==,657,1.095620851816029,score_2_others,score_2
A+QuW1n/ABeiVVe/9CRZ9Q==,546,0.910515959043458,score_2_others,score_2
bopP0NxW3+r8tn9xIHTaOw==,467,0.7787746389620785,score_2_others,score_2
tHpS8e9F8d9zg3iOQM9tsA==,352,0.5869992996031084,score_2_others,score_2
vJyc9xom9v7hwFMPTIpmKw==,334,0.5569822899643131,score_2_others,score_2
O4i7FxcROACMVTCgI0WXuA==,223,0.37187739719174195,score_2_others,score_2
6J1ZMTzN5GKHXnhM4J1JbA==,159,0.26515025180935864,score_2_others,score_2
wjdj2vxjWoDsEIk0l09ynw==,136,0.2267951839375646,score_2_others,score_2
+2hzpeP1RWr8PEvL1WTUdw==,88,0.1467498249007771,score_2_others,score_2
55UK234RR1d7HIWJjmq9tw==,63,0.10505953373578363,score_2_others,score_2
dWJRASUFMejk3AHZ1p1Gkg==,37,0.06170163092419038,score_2_others,score_2
5/uMrqKj3OL/Xk5OrGx9fg==,17,0.028349397992195574,score_2_others,score_2
xsd3ZdsI3356I3xMxZeiqQ==,10212,17.029650135076544,state_0,state
BB/zpwTH+8GCIVHlhzOU1Q==,5331,8.890037688023213,state_1,state
sjJbkqJS7cXalHLBFA+EOQ==,4498,7.50091718640563,state_2,state
1DpYl6dtzY0qE33poow3iw==,4188,6.983957575959711,state_3,state
x6Gw/1I8t3KPgT6s82Kodg==,2404,4.008938398425775,state_others,state
kfFcVGcsJmH2n3eYprLkeQ==,2321,3.8705266317579965,state_others,state
JrdZzPZEa/YIIGwh8OdTKA==,2065,3.4436180502284626,state_others,state
GW2VZ3dN3OGHSjQ6JkfqQw==,1939,3.2334989827568954,state_others,state
7bX4XFXmYqoMspxup0CrKA==,1879,3.1334422839609113,state_others,state
82aTqSzrTImY+SbAOBQzGQ==,1856,3.095087216089117,state_others,state
0lQuvmygO68ZFXZjzHEOww==,1556,2.594803722109195,state_others,state
Ygq6MsM98oC8yceExr69Ig==,1519,2.533102091185005,state_others,state
1vMmtGURgMcjxQbV2KQiUw==,1415,2.359670479938632,state_others,state
fR2lwAMjCb/fNXjsApiOTw==,1391,2.3196478004202383,state_others,state
rrVbgRNTRyB6auEycsRrpA==,1391,2.3196478004202383,state_others,state
/EoxQEzy1PWWTtv6DNwr2w==,1372,2.2879631791348434,state_others,state
bNDXnbe7XAx/VUe+cbjDiw==,1244,2.0745088883700764,state_others,state
VafbDA6D5W2TpGMAUJbW8Q==,998,1.6642764233065406,state_others,state
5hPtRY8gW/3+fPXvGIgWTg==,986,1.6442650835473436,state_others,state
1xxlFOWSFxK0/J2VdCKP3g==,929,1.5492112196911583,state_others,state
OCoEDgPLpDjHcbEmPpAjvA==,895,1.4925124237067673,state_others,state
/L8vvVesB5WyAv190Hw/rQ==,790,1.3174132008137944,state_others,state
QCVqG0wT4xPLQuiTIExO2w==,725,1.2090184437848115,state_others,state
ygE7OTdsxRMLeXMa0EZwZw==,706,1.1773338224994163,state_others,state
ZUmHOp1/xBWh5O/uqDutsw==,674,1.1239702498082247,state_others,state
KET/Pmr6rHp1RJ/P9ymztw==,652,1.0872827935830305,state_others,state
qItmSqWrjm+MopDA+UpKRw==,585,0.9755528132608478,state_others,state
orU7WJYGPT/xFwOXY1eBkw==,536,0.8938398425774605,state_others,state
/78Q+NAqnsdbiE2JReYK9Q==,535,0.8921722309308608,state_others,state
P1TKs1aii8osbgO+MszZ2w==,490,0.8171297068338724,state_others,state
ZVfsutsd1Go0zZEnGp0vEA==,489,0.8154620951872728,state_others,state
bwNrC22VlFOFk6/nEHQc6A==,450,0.750425240969883,state_others,state
0gQEZgRHqS5KSF3oWQrQfw==,426,0.7104025614514892,state_others,state
8ZKN5LHxobLWh6drCDlmhQ==,365,0.608678251008905,state_others,state
fMOpZ7DFhwQgTxW547UMCQ==,297,0.49528065904012275,state_others,state
/+QaZYcpPt5mXLpkv6I8Bw==,283,0.47193409598772634,state_others,state
9sS116y/1CqWLVJ8nFOGZg==,273,0.455257979521729,state_others,state
E8shyM/6btBNXXExsO17zw==,243,0.4052296301237368,state_others,state
QMl/wADluYmoYZIXDOUktQ==,208,0.34686322249274587,state_others,state
TYC58USu+Tq7c/WS4YLnuQ==,184,0.30684054297435215,state_others,state
umkEte5GXWggFkMOtKQ3Ug==,169,0.28182636827535607,state_others,state
NX0S6z5x5fEStwXfBQN5FQ==,135,0.2251275722909649,state_others,state
yni6lL4oSly97UVZeRSyxA==,133,0.2217923489977654,state_others,state
LXZkF0tV1Ma9JIlIvaUDiw==,113,0.1884401160657706,state_others,state
cd+7k16vaf6SzwSyvT/fHw==,99,0.16509355301337425,state_others,state
GFOaXqGcKJxSSF9aBDDNaA==,6,0.01000566987959844,state_others,state
9PWmQ/Uv20r8XvcwDXWUSw==,4,0.00667044658639896,state_others,state
1tPrGp5Yx4Yev8EWxfJw2w==,3,0.00500283493979922,state_others,state
Jc0dzuliQSKFl0Xy0bjYCQ==,2,0.00333522329319948,state_others,state
DLK5rpOxZhCM5oQvfUpkTQ==,2,0.00333522329319948,state_others,state
