index,value_cnt,value_prcnt,mapped,column_name
DGCQep2AE5QRkNCshIAlFQ==,20484,34.15935696894907,score_1_0,score_1
1Rk8w4Ucd5yR3KcqZzLdow==,14853,24.769035786945935,score_1_1,score_1
4DLlLW62jReXaqbPaHp1vQ==,10595,17.668345395724245,score_1_2,score_1
8k8UDR4Yx0qasAjkGrUZLw==,8496,14.16802854951139,score_1_3,score_1
e4NYDor1NOw6XKGE60AWFw==,3662,6.1067938498482475,score_1_4,score_1
smzX0nxh5QlePvtVf6EAeg==,1535,2.559783877530601,score_1_others,score_1
fyrlulOiZ+5hoFqLa6UbDQ==,341,0.5686555714905113,score_1_others,score_1
N5/CE7lSkAfB04hVFFwllw==,29695,49.51972784577928,real_state_0,real_state
n+xK9CfX0bCn77lClTWviw==,25309,42.20558316379282,real_state_1,real_state
nSpvDsIsslUaX6GE6m6eQA==,4897,8.166294233398926,real_state_2,real_state
UX7AdFYgQh+VrVC5eIaU9w==,53,0.08838341726978621,real_state_others,real_state
+qWF9pJpVGtTFn4vFjb/cg==,12,0.02001133975919688,real_state_others,real_state
