index,value_cnt,value_prcnt,mapped,column_name
osCzpM4hJrxugqWWuZmMWw==,5058,8.4347797085,score_2_0,score_2
SaamrHMo23l/3TwXOWgVzw==,4620,7.70436580729,score_2_1,score_2
RO7MTL+j4PH2gNzbhNTq/A==,4217,7.03231831371,score_2_2,score_2
/tdlnWjXoZ3OjdtBXzdOJQ==,3603,6.0084047627,score_2_3,score_2
Fv28Bz0YRTVAT5kl1bAV6g==,3315,5.52813260848,score_2_4,score_2
7h+tk4z7O9brtBSe1rNjxA==,3274,5.45976053097,score_2_5,score_2
rJZgTmANW3PjOCQLCcp4iQ==,3265,5.44475202615,score_2_6,score_2
pAzpxkhjPsjWldgSX21+zg==,2947,4.91445152253,score_2_others,score_2
IOVu8au3ISbo6+zmfnYwMg==,2899,4.83440616349,score_2_others,score_2
tQUTfUyeuGkhRotd+6WjVg==,2724,4.54257412534,score_2_others,score_2
LCak332j+TYFqHC3NDwiqg==,2644,4.40916519361,score_2_others,score_2
dCm9hFKfdRm7ej3jW+gyxw==,2442,4.072307641,score_2_others,score_2
d/7Hedyz7ovK9Pn1CYN4+A==,2148,3.5820298169,score_2_others,score_2
OlDYtdljgSSYM/M1L2CRaQ==,1908,3.18180302171,score_2_others,score_2
7h8PTkrlTWUPP3yuyP4rUg==,1844,3.07507587633,score_2_others,score_2
wkeCdGeu5sEv4/fjwR0aDg==,1655,2.75989727512,score_2_others,score_2
YLGMUI9hObSh6wD/xfanGg==,1622,2.70486609078,score_2_others,score_2
+CxEO4w7jv3QPI/BQbyqAA==,1517,2.52976686789,score_2_others,score_2
emS9xH8CLoRNie2uSmaDAQ==,1458,2.43137778074,score_2_others,score_2
mX2VRRG38RPiHX+MfjefRw==,1268,2.11453156789,score_2_others,score_2
ky19q4V1ZqgL3jnHX0wKDw==,916,1.52753226829,score_2_others,score_2
NLvAOzzmJba/0zolQnWF5Q==,837,1.3957909482,score_2_others,score_2
w1miZqhB5+RSamEQJa0rqg==,706,1.1773338225,score_2_others,score_2
cdpgyOyZS04uXerMNu7uCw==,657,1.09562085182,score_2_others,score_2
A+QuW1n/ABeiVVe/9CRZ9Q==,546,0.910515959043,score_2_others,score_2
bopP0NxW3+r8tn9xIHTaOw==,467,0.778774638962,score_2_others,score_2
tHpS8e9F8d9zg3iOQM9tsA==,352,0.586999299603,score_2_others,score_2
vJyc9xom9v7hwFMPTIpmKw==,334,0.556982289964,score_2_others,score_2
O4i7FxcROACMVTCgI0WXuA==,223,0.371877397192,score_2_others,score_2
6J1ZMTzN5GKHXnhM4J1JbA==,159,0.265150251809,score_2_others,score_2
wjdj2vxjWoDsEIk0l09ynw==,136,0.226795183938,score_2_others,score_2
+2hzpeP1RWr8PEvL1WTUdw==,88,0.146749824901,score_2_others,score_2
55UK234RR1d7HIWJjmq9tw==,63,0.105059533736,score_2_others,score_2
dWJRASUFMejk3AHZ1p1Gkg==,37,0.0617016309242,score_2_others,score_2
5/uMrqKj3OL/Xk5OrGx9fg==,17,0.0283493979922,score_2_others,score_2
xsd3ZdsI3356I3xMxZeiqQ==,10212,17.0296501351,state_0,state
BB/zpwTH+8GCIVHlhzOU1Q==,5331,8.89003768802,state_1,state
sjJbkqJS7cXalHLBFA+EOQ==,4498,7.50091718641,state_2,state
1DpYl6dtzY0qE33poow3iw==,4188,6.98395757596,state_3,state
x6Gw/1I8t3KPgT6s82Kodg==,2404,4.00893839843,state_others,state
kfFcVGcsJmH2n3eYprLkeQ==,2321,3.87052663176,state_others,state
JrdZzPZEa/YIIGwh8OdTKA==,2065,3.44361805023,state_others,state
GW2VZ3dN3OGHSjQ6JkfqQw==,1939,3.23349898276,state_others,state
7bX4XFXmYqoMspxup0CrKA==,1879,3.13344228396,state_others,state
82aTqSzrTImY+SbAOBQzGQ==,1856,3.09508721609,state_others,state
0lQuvmygO68ZFXZjzHEOww==,1556,2.59480372211,state_others,state
Ygq6MsM98oC8yceExr69Ig==,1519,2.53310209119,state_others,state
1vMmtGURgMcjxQbV2KQiUw==,1415,2.35967047994,state_others,state
fR2lwAMjCb/fNXjsApiOTw==,1391,2.31964780042,state_others,state
rrVbgRNTRyB6auEycsRrpA==,1391,2.31964780042,state_others,state
/EoxQEzy1PWWTtv6DNwr2w==,1372,2.28796317913,state_others,state
bNDXnbe7XAx/VUe+cbjDiw==,1244,2.07450888837,state_others,state
VafbDA6D5W2TpGMAUJbW8Q==,998,1.66427642331,state_others,state
5hPtRY8gW/3+fPXvGIgWTg==,986,1.64426508355,state_others,state
1xxlFOWSFxK0/J2VdCKP3g==,929,1.54921121969,state_others,state
OCoEDgPLpDjHcbEmPpAjvA==,895,1.49251242371,state_others,state
/L8vvVesB5WyAv190Hw/rQ==,790,1.31741320081,state_others,state
QCVqG0wT4xPLQuiTIExO2w==,725,1.20901844378,state_others,state
ygE7OTdsxRMLeXMa0EZwZw==,706,1.1773338225,state_others,state
ZUmHOp1/xBWh5O/uqDutsw==,674,1.12397024981,state_others,state
KET/Pmr6rHp1RJ/P9ymztw==,652,1.08728279358,state_others,state
qItmSqWrjm+MopDA+UpKRw==,585,0.975552813261,state_others,state
orU7WJYGPT/xFwOXY1eBkw==,536,0.893839842577,state_others,state
/78Q+NAqnsdbiE2JReYK9Q==,535,0.892172230931,state_others,state
P1TKs1aii8osbgO+MszZ2w==,490,0.817129706834,state_others,state
ZVfsutsd1Go0zZEnGp0vEA==,489,0.815462095187,state_others,state
bwNrC22VlFOFk6/nEHQc6A==,450,0.75042524097,state_others,state
0gQEZgRHqS5KSF3oWQrQfw==,426,0.710402561451,state_others,state
8ZKN5LHxobLWh6drCDlmhQ==,365,0.608678251009,state_others,state
fMOpZ7DFhwQgTxW547UMCQ==,297,0.49528065904,state_others,state
/+QaZYcpPt5mXLpkv6I8Bw==,283,0.471934095988,state_others,state
9sS116y/1CqWLVJ8nFOGZg==,273,0.455257979522,state_others,state
E8shyM/6btBNXXExsO17zw==,243,0.405229630124,state_others,state
QMl/wADluYmoYZIXDOUktQ==,208,0.346863222493,state_others,state
TYC58USu+Tq7c/WS4YLnuQ==,184,0.306840542974,state_others,state
umkEte5GXWggFkMOtKQ3Ug==,169,0.281826368275,state_others,state
NX0S6z5x5fEStwXfBQN5FQ==,135,0.225127572291,state_others,state
yni6lL4oSly97UVZeRSyxA==,133,0.221792348998,state_others,state
LXZkF0tV1Ma9JIlIvaUDiw==,113,0.188440116066,state_others,state
cd+7k16vaf6SzwSyvT/fHw==,99,0.165093553013,state_others,state
GFOaXqGcKJxSSF9aBDDNaA==,6,0.0100056698796,state_others,state
9PWmQ/Uv20r8XvcwDXWUSw==,4,0.0066704465864,state_others,state
1tPrGp5Yx4Yev8EWxfJw2w==,3,0.0050028349398,state_others,state
Jc0dzuliQSKFl0Xy0bjYCQ==,2,0.0033352232932,state_others,state
DLK5rpOxZhCM5oQvfUpkTQ==,2,0.0033352232932,state_others,state
