0,"mean: -0.62219, std: 0.01451, params: {'max_depth': 1, 'min_child_weight': 1}"
1,"mean: -0.62260, std: 0.01529, params: {'max_depth': 1, 'min_child_weight': 2}"
2,"mean: -0.62383, std: 0.01510, params: {'max_depth': 1, 'min_child_weight': 3}"
3,"mean: -0.62405, std: 0.01788, params: {'max_depth': 1, 'min_child_weight': 5}"
4,"mean: -0.62273, std: 0.01375, params: {'max_depth': 1, 'min_child_weight': 6}"
5,"mean: -0.67631, std: 0.02471, params: {'max_depth': 2, 'min_child_weight': 1}"
6,"mean: -0.67487, std: 0.02865, params: {'max_depth': 2, 'min_child_weight': 2}"
7,"mean: -0.67046, std: 0.01863, params: {'max_depth': 2, 'min_child_weight': 3}"
8,"mean: -0.66244, std: 0.01701, params: {'max_depth': 2, 'min_child_weight': 5}"
9,"mean: -0.66254, std: 0.02157, params: {'max_depth': 2, 'min_child_weight': 6}"
10,"mean: -0.73764, std: 0.04656, params: {'max_depth': 3, 'min_child_weight': 1}"
11,"mean: -0.73602, std: 0.03166, params: {'max_depth': 3, 'min_child_weight': 2}"
12,"mean: -0.72328, std: 0.03426, params: {'max_depth': 3, 'min_child_weight': 3}"
13,"mean: -0.71700, std: 0.02806, params: {'max_depth': 3, 'min_child_weight': 5}"
14,"mean: -0.70661, std: 0.02580, params: {'max_depth': 3, 'min_child_weight': 6}"
15,"mean: -0.76681, std: 0.04265, params: {'max_depth': 4, 'min_child_weight': 1}"
16,"mean: -0.75921, std: 0.03111, params: {'max_depth': 4, 'min_child_weight': 2}"
17,"mean: -0.75756, std: 0.03860, params: {'max_depth': 4, 'min_child_weight': 3}"
18,"mean: -0.73775, std: 0.02833, params: {'max_depth': 4, 'min_child_weight': 5}"
19,"mean: -0.73243, std: 0.02991, params: {'max_depth': 4, 'min_child_weight': 6}"
20,"mean: -0.76693, std: 0.03562, params: {'max_depth': 5, 'min_child_weight': 1}"
21,"mean: -0.76934, std: 0.03249, params: {'max_depth': 5, 'min_child_weight': 2}"
22,"mean: -0.76054, std: 0.03964, params: {'max_depth': 5, 'min_child_weight': 3}"
23,"mean: -0.74706, std: 0.03561, params: {'max_depth': 5, 'min_child_weight': 5}"
24,"mean: -0.73581, std: 0.02984, params: {'max_depth': 5, 'min_child_weight': 6}"
25,"mean: -0.75979, std: 0.03143, params: {'max_depth': 6, 'min_child_weight': 1}"
26,"mean: -0.76172, std: 0.03510, params: {'max_depth': 6, 'min_child_weight': 2}"
27,"mean: -0.75513, std: 0.03552, params: {'max_depth': 6, 'min_child_weight': 3}"
28,"mean: -0.74656, std: 0.03673, params: {'max_depth': 6, 'min_child_weight': 5}"
29,"mean: -0.73579, std: 0.03089, params: {'max_depth': 6, 'min_child_weight': 6}"
30,"mean: -0.75997, std: 0.03933, params: {'max_depth': 10, 'min_child_weight': 1}"
31,"mean: -0.75134, std: 0.03823, params: {'max_depth': 10, 'min_child_weight': 2}"
32,"mean: -0.75611, std: 0.03247, params: {'max_depth': 10, 'min_child_weight': 3}"
33,"mean: -0.73758, std: 0.03966, params: {'max_depth': 10, 'min_child_weight': 5}"
34,"mean: -0.73449, std: 0.02932, params: {'max_depth': 10, 'min_child_weight': 6}"
