0,"mean: -0.62344, std: 0.01459, params: {'subsample': 0.6, 'colsample_bytree': 0.6}"
1,"mean: -0.62254, std: 0.01669, params: {'subsample': 0.7, 'colsample_bytree': 0.6}"
2,"mean: -0.61876, std: 0.01377, params: {'subsample': 0.8, 'colsample_bytree': 0.6}"
3,"mean: -0.61760, std: 0.01619, params: {'subsample': 0.9, 'colsample_bytree': 0.6}"
4,"mean: -0.62248, std: 0.01605, params: {'subsample': 0.6, 'colsample_bytree': 0.7}"
5,"mean: -0.62187, std: 0.01409, params: {'subsample': 0.7, 'colsample_bytree': 0.7}"
6,"mean: -0.62010, std: 0.01351, params: {'subsample': 0.8, 'colsample_bytree': 0.7}"
7,"mean: -0.61923, std: 0.01590, params: {'subsample': 0.9, 'colsample_bytree': 0.7}"
8,"mean: -0.62388, std: 0.01605, params: {'subsample': 0.6, 'colsample_bytree': 0.8}"
9,"mean: -0.62219, std: 0.01451, params: {'subsample': 0.7, 'colsample_bytree': 0.8}"
10,"mean: -0.62122, std: 0.01314, params: {'subsample': 0.8, 'colsample_bytree': 0.8}"
11,"mean: -0.61871, std: 0.01583, params: {'subsample': 0.9, 'colsample_bytree': 0.8}"
12,"mean: -0.62531, std: 0.01540, params: {'subsample': 0.6, 'colsample_bytree': 0.9}"
13,"mean: -0.62294, std: 0.01452, params: {'subsample': 0.7, 'colsample_bytree': 0.9}"
14,"mean: -0.62139, std: 0.01339, params: {'subsample': 0.8, 'colsample_bytree': 0.9}"
15,"mean: -0.61949, std: 0.01507, params: {'subsample': 0.9, 'colsample_bytree': 0.9}"
