0,"mean: -0.57907, std: 0.00790, params: {'n_estimators': 250, 'learning_rate': 0.01}"
1,"mean: -0.58379, std: 0.00916, params: {'n_estimators': 500, 'learning_rate': 0.01}"
2,"mean: -0.58643, std: 0.00939, params: {'n_estimators': 650, 'learning_rate': 0.01}"
3,"mean: -0.58884, std: 0.00972, params: {'n_estimators': 800, 'learning_rate': 0.01}"
4,"mean: -0.58888, std: 0.01003, params: {'n_estimators': 250, 'learning_rate': 0.03}"
5,"mean: -0.59804, std: 0.01125, params: {'n_estimators': 500, 'learning_rate': 0.03}"
6,"mean: -0.60211, std: 0.01068, params: {'n_estimators': 650, 'learning_rate': 0.03}"
7,"mean: -0.60522, std: 0.01122, params: {'n_estimators': 800, 'learning_rate': 0.03}"
8,"mean: -0.59564, std: 0.01076, params: {'n_estimators': 250, 'learning_rate': 0.05}"
9,"mean: -0.60586, std: 0.01151, params: {'n_estimators': 500, 'learning_rate': 0.05}"
10,"mean: -0.61183, std: 0.01108, params: {'n_estimators': 650, 'learning_rate': 0.05}"
11,"mean: -0.61518, std: 0.01130, params: {'n_estimators': 800, 'learning_rate': 0.05}"
