0,"mean: -403.45379, std: 520.07261, params: {'max_depth': 1, 'min_child_weight': 1}"
1,"mean: -403.35898, std: 520.12560, params: {'max_depth': 1, 'min_child_weight': 2}"
2,"mean: -403.02906, std: 520.27136, params: {'max_depth': 1, 'min_child_weight': 3}"
3,"mean: -402.15968, std: 520.26330, params: {'max_depth': 1, 'min_child_weight': 5}"
4,"mean: -402.29631, std: 520.44449, params: {'max_depth': 1, 'min_child_weight': 6}"
5,"mean: -396.51249, std: 527.53070, params: {'max_depth': 2, 'min_child_weight': 1}"
6,"mean: -397.06919, std: 528.25857, params: {'max_depth': 2, 'min_child_weight': 2}"
7,"mean: -397.24399, std: 528.24200, params: {'max_depth': 2, 'min_child_weight': 3}"
8,"mean: -397.70277, std: 527.96698, params: {'max_depth': 2, 'min_child_weight': 5}"
9,"mean: -398.02046, std: 527.56441, params: {'max_depth': 2, 'min_child_weight': 6}"
10,"mean: -395.35512, std: 526.94093, params: {'max_depth': 3, 'min_child_weight': 1}"
11,"mean: -396.83969, std: 526.28279, params: {'max_depth': 3, 'min_child_weight': 2}"
12,"mean: -399.18263, std: 526.43139, params: {'max_depth': 3, 'min_child_weight': 3}"
13,"mean: -399.53278, std: 528.94298, params: {'max_depth': 3, 'min_child_weight': 5}"
14,"mean: -400.57004, std: 530.34742, params: {'max_depth': 3, 'min_child_weight': 6}"
15,"mean: -394.42134, std: 522.95419, params: {'max_depth': 4, 'min_child_weight': 1}"
16,"mean: -397.49708, std: 522.58081, params: {'max_depth': 4, 'min_child_weight': 2}"
17,"mean: -401.35974, std: 523.89138, params: {'max_depth': 4, 'min_child_weight': 3}"
18,"mean: -401.10517, std: 525.72114, params: {'max_depth': 4, 'min_child_weight': 5}"
19,"mean: -401.98758, std: 525.94587, params: {'max_depth': 4, 'min_child_weight': 6}"
20,"mean: -394.50056, std: 521.38774, params: {'max_depth': 5, 'min_child_weight': 1}"
21,"mean: -397.03704, std: 519.31392, params: {'max_depth': 5, 'min_child_weight': 2}"
22,"mean: -400.03070, std: 520.46862, params: {'max_depth': 5, 'min_child_weight': 3}"
23,"mean: -400.52976, std: 523.76369, params: {'max_depth': 5, 'min_child_weight': 5}"
24,"mean: -399.65524, std: 524.11120, params: {'max_depth': 5, 'min_child_weight': 6}"
25,"mean: -392.10346, std: 520.72236, params: {'max_depth': 6, 'min_child_weight': 1}"
26,"mean: -396.30234, std: 518.95056, params: {'max_depth': 6, 'min_child_weight': 2}"
27,"mean: -398.70866, std: 520.63746, params: {'max_depth': 6, 'min_child_weight': 3}"
28,"mean: -398.72476, std: 521.10869, params: {'max_depth': 6, 'min_child_weight': 5}"
29,"mean: -399.70411, std: 521.99555, params: {'max_depth': 6, 'min_child_weight': 6}"
30,"mean: -390.27252, std: 522.62500, params: {'max_depth': 10, 'min_child_weight': 1}"
31,"mean: -395.61095, std: 521.17382, params: {'max_depth': 10, 'min_child_weight': 2}"
32,"mean: -398.26730, std: 520.84377, params: {'max_depth': 10, 'min_child_weight': 3}"
33,"mean: -399.64247, std: 522.18737, params: {'max_depth': 10, 'min_child_weight': 5}"
34,"mean: -399.86889, std: 520.06965, params: {'max_depth': 10, 'min_child_weight': 6}"
