0,"mean: -385.14318, std: 521.61400, params: {'reg_lambda': 0}"
1,"mean: -385.09958, std: 521.75210, params: {'reg_lambda': 1}"
2,"mean: -384.55469, std: 520.83203, params: {'reg_lambda': 1.1}"
3,"mean: -385.51254, std: 522.34623, params: {'reg_lambda': 1.2}"
4,"mean: -385.16837, std: 520.92624, params: {'reg_lambda': 1.5}"
5,"mean: -386.34464, std: 522.95911, params: {'reg_lambda': 2}"
6,"mean: -386.23959, std: 523.24094, params: {'reg_lambda': 3}"
7,"mean: -385.63727, std: 522.59326, params: {'reg_lambda': 5}"
