0,"mean: -0.65554, std: 0.02628, params: {'max_depth': 1, 'min_child_weight': 1}"
1,"mean: -0.65571, std: 0.02724, params: {'max_depth': 1, 'min_child_weight': 2}"
2,"mean: -0.65551, std: 0.02774, params: {'max_depth': 1, 'min_child_weight': 3}"
3,"mean: -0.65182, std: 0.02146, params: {'max_depth': 1, 'min_child_weight': 5}"
4,"mean: -0.64728, std: 0.02219, params: {'max_depth': 1, 'min_child_weight': 6}"
5,"mean: -0.70726, std: 0.03224, params: {'max_depth': 2, 'min_child_weight': 1}"
6,"mean: -0.70701, std: 0.03358, params: {'max_depth': 2, 'min_child_weight': 2}"
7,"mean: -0.70141, std: 0.03410, params: {'max_depth': 2, 'min_child_weight': 3}"
8,"mean: -0.69203, std: 0.02917, params: {'max_depth': 2, 'min_child_weight': 5}"
9,"mean: -0.68737, std: 0.02900, params: {'max_depth': 2, 'min_child_weight': 6}"
10,"mean: -0.76760, std: 0.03850, params: {'max_depth': 3, 'min_child_weight': 1}"
11,"mean: -0.76446, std: 0.03422, params: {'max_depth': 3, 'min_child_weight': 2}"
12,"mean: -0.74015, std: 0.02668, params: {'max_depth': 3, 'min_child_weight': 3}"
13,"mean: -0.72049, std: 0.03648, params: {'max_depth': 3, 'min_child_weight': 5}"
14,"mean: -0.71835, std: 0.03480, params: {'max_depth': 3, 'min_child_weight': 6}"
15,"mean: -0.80420, std: 0.03266, params: {'max_depth': 4, 'min_child_weight': 1}"
16,"mean: -0.79738, std: 0.03324, params: {'max_depth': 4, 'min_child_weight': 2}"
17,"mean: -0.77741, std: 0.04317, params: {'max_depth': 4, 'min_child_weight': 3}"
18,"mean: -0.75938, std: 0.03543, params: {'max_depth': 4, 'min_child_weight': 5}"
19,"mean: -0.73178, std: 0.03664, params: {'max_depth': 4, 'min_child_weight': 6}"
20,"mean: -0.80468, std: 0.02501, params: {'max_depth': 5, 'min_child_weight': 1}"
21,"mean: -0.79793, std: 0.03490, params: {'max_depth': 5, 'min_child_weight': 2}"
22,"mean: -0.79267, std: 0.03860, params: {'max_depth': 5, 'min_child_weight': 3}"
23,"mean: -0.76170, std: 0.03829, params: {'max_depth': 5, 'min_child_weight': 5}"
24,"mean: -0.74278, std: 0.03337, params: {'max_depth': 5, 'min_child_weight': 6}"
25,"mean: -0.82054, std: 0.03744, params: {'max_depth': 6, 'min_child_weight': 1}"
26,"mean: -0.80036, std: 0.03529, params: {'max_depth': 6, 'min_child_weight': 2}"
27,"mean: -0.78205, std: 0.03590, params: {'max_depth': 6, 'min_child_weight': 3}"
28,"mean: -0.75904, std: 0.03372, params: {'max_depth': 6, 'min_child_weight': 5}"
29,"mean: -0.73873, std: 0.02840, params: {'max_depth': 6, 'min_child_weight': 6}"
30,"mean: -0.79806, std: 0.02070, params: {'max_depth': 10, 'min_child_weight': 1}"
31,"mean: -0.79048, std: 0.02506, params: {'max_depth': 10, 'min_child_weight': 2}"
32,"mean: -0.77973, std: 0.03673, params: {'max_depth': 10, 'min_child_weight': 3}"
33,"mean: -0.75894, std: 0.02921, params: {'max_depth': 10, 'min_child_weight': 5}"
34,"mean: -0.74067, std: 0.03164, params: {'max_depth': 10, 'min_child_weight': 6}"
