0,"mean: -68.33188, std: 41.41377, params: {'max_depth': 1, 'min_child_weight': 1}"
1,"mean: -68.17991, std: 41.41315, params: {'max_depth': 1, 'min_child_weight': 2}"
2,"mean: -68.24691, std: 41.26443, params: {'max_depth': 1, 'min_child_weight': 3}"
3,"mean: -68.92908, std: 41.50210, params: {'max_depth': 1, 'min_child_weight': 5}"
4,"mean: -69.77963, std: 41.97909, params: {'max_depth': 1, 'min_child_weight': 6}"
5,"mean: -71.38686, std: 40.73367, params: {'max_depth': 2, 'min_child_weight': 1}"
6,"mean: -71.83330, std: 40.64268, params: {'max_depth': 2, 'min_child_weight': 2}"
7,"mean: -71.99621, std: 42.27116, params: {'max_depth': 2, 'min_child_weight': 3}"
8,"mean: -72.17526, std: 41.01539, params: {'max_depth': 2, 'min_child_weight': 5}"
9,"mean: -73.15575, std: 42.06639, params: {'max_depth': 2, 'min_child_weight': 6}"
10,"mean: -75.22192, std: 41.44520, params: {'max_depth': 3, 'min_child_weight': 1}"
11,"mean: -75.67221, std: 42.53478, params: {'max_depth': 3, 'min_child_weight': 2}"
12,"mean: -74.73936, std: 42.88975, params: {'max_depth': 3, 'min_child_weight': 3}"
13,"mean: -74.59166, std: 41.75588, params: {'max_depth': 3, 'min_child_weight': 5}"
14,"mean: -75.54236, std: 41.67322, params: {'max_depth': 3, 'min_child_weight': 6}"
15,"mean: -75.67702, std: 40.89687, params: {'max_depth': 4, 'min_child_weight': 1}"
16,"mean: -76.33725, std: 41.16013, params: {'max_depth': 4, 'min_child_weight': 2}"
17,"mean: -76.69665, std: 41.88033, params: {'max_depth': 4, 'min_child_weight': 3}"
18,"mean: -75.81744, std: 40.60438, params: {'max_depth': 4, 'min_child_weight': 5}"
19,"mean: -77.22279, std: 40.33267, params: {'max_depth': 4, 'min_child_weight': 6}"
20,"mean: -75.68138, std: 40.55769, params: {'max_depth': 5, 'min_child_weight': 1}"
21,"mean: -77.34695, std: 40.71258, params: {'max_depth': 5, 'min_child_weight': 2}"
22,"mean: -77.10511, std: 40.66627, params: {'max_depth': 5, 'min_child_weight': 3}"
23,"mean: -77.60048, std: 40.82886, params: {'max_depth': 5, 'min_child_weight': 5}"
24,"mean: -78.98134, std: 40.74255, params: {'max_depth': 5, 'min_child_weight': 6}"
25,"mean: -76.37906, std: 42.36985, params: {'max_depth': 6, 'min_child_weight': 1}"
26,"mean: -77.62235, std: 41.85891, params: {'max_depth': 6, 'min_child_weight': 2}"
27,"mean: -77.41130, std: 40.88208, params: {'max_depth': 6, 'min_child_weight': 3}"
28,"mean: -78.30182, std: 39.54699, params: {'max_depth': 6, 'min_child_weight': 5}"
29,"mean: -79.97069, std: 40.73511, params: {'max_depth': 6, 'min_child_weight': 6}"
30,"mean: -72.89340, std: 41.82452, params: {'max_depth': 10, 'min_child_weight': 1}"
31,"mean: -74.47017, std: 41.39836, params: {'max_depth': 10, 'min_child_weight': 2}"
32,"mean: -76.23988, std: 41.73981, params: {'max_depth': 10, 'min_child_weight': 3}"
33,"mean: -76.38062, std: 41.47175, params: {'max_depth': 10, 'min_child_weight': 5}"
34,"mean: -78.94404, std: 40.02012, params: {'max_depth': 10, 'min_child_weight': 6}"
