0,"mean: -67.87734, std: 40.37846, params: {'reg_lambda': 0}"
1,"mean: -67.88258, std: 40.38486, params: {'reg_lambda': 1}"
2,"mean: -67.92620, std: 40.54708, params: {'reg_lambda': 1.1}"
3,"mean: -67.97673, std: 40.59977, params: {'reg_lambda': 1.2}"
4,"mean: -67.97272, std: 40.47119, params: {'reg_lambda': 1.5}"
5,"mean: -67.93077, std: 40.49883, params: {'reg_lambda': 2}"
6,"mean: -67.96885, std: 40.48845, params: {'reg_lambda': 3}"
7,"mean: -68.16317, std: 40.53226, params: {'reg_lambda': 5}"
