0,"mean: -79.26100, std: 46.52092, params: {'max_delta_step': 0}"
1,"mean: -67.84504, std: 41.85901, params: {'max_delta_step': 1}"
2,"mean: -67.54470, std: 40.71342, params: {'max_delta_step': 2}"
3,"mean: -67.87734, std: 40.37846, params: {'max_delta_step': 3}"
4,"mean: -69.00753, std: 40.86793, params: {'max_delta_step': 4}"
5,"mean: -70.72897, std: 41.71093, params: {'max_delta_step': 5}"
6,"mean: -77.86198, std: 45.94259, params: {'max_delta_step': 10}"
7,"mean: -79.26100, std: 46.52092, params: {'max_delta_step': 100}"
