0,"mean: -0.52562, std: 0.02263, params: {'max_depth': 1, 'min_child_weight': 1}"
1,"mean: -0.52288, std: 0.02305, params: {'max_depth': 1, 'min_child_weight': 2}"
2,"mean: -0.52315, std: 0.02081, params: {'max_depth': 1, 'min_child_weight': 3}"
3,"mean: -0.52646, std: 0.02174, params: {'max_depth': 1, 'min_child_weight': 5}"
4,"mean: -0.52800, std: 0.02278, params: {'max_depth': 1, 'min_child_weight': 6}"
5,"mean: -0.57111, std: 0.03055, params: {'max_depth': 2, 'min_child_weight': 1}"
6,"mean: -0.57219, std: 0.03205, params: {'max_depth': 2, 'min_child_weight': 2}"
7,"mean: -0.56738, std: 0.02679, params: {'max_depth': 2, 'min_child_weight': 3}"
8,"mean: -0.57226, std: 0.03017, params: {'max_depth': 2, 'min_child_weight': 5}"
9,"mean: -0.56758, std: 0.02937, params: {'max_depth': 2, 'min_child_weight': 6}"
10,"mean: -0.62697, std: 0.03462, params: {'max_depth': 3, 'min_child_weight': 1}"
11,"mean: -0.62234, std: 0.03549, params: {'max_depth': 3, 'min_child_weight': 2}"
12,"mean: -0.61653, std: 0.03747, params: {'max_depth': 3, 'min_child_weight': 3}"
13,"mean: -0.60900, std: 0.03833, params: {'max_depth': 3, 'min_child_weight': 5}"
14,"mean: -0.60355, std: 0.04108, params: {'max_depth': 3, 'min_child_weight': 6}"
15,"mean: -0.65424, std: 0.04497, params: {'max_depth': 4, 'min_child_weight': 1}"
16,"mean: -0.65745, std: 0.05061, params: {'max_depth': 4, 'min_child_weight': 2}"
17,"mean: -0.64095, std: 0.04783, params: {'max_depth': 4, 'min_child_weight': 3}"
18,"mean: -0.62189, std: 0.03844, params: {'max_depth': 4, 'min_child_weight': 5}"
19,"mean: -0.61447, std: 0.04155, params: {'max_depth': 4, 'min_child_weight': 6}"
20,"mean: -0.65007, std: 0.03950, params: {'max_depth': 5, 'min_child_weight': 1}"
21,"mean: -0.64724, std: 0.05310, params: {'max_depth': 5, 'min_child_weight': 2}"
22,"mean: -0.64411, std: 0.04182, params: {'max_depth': 5, 'min_child_weight': 3}"
23,"mean: -0.62632, std: 0.04797, params: {'max_depth': 5, 'min_child_weight': 5}"
24,"mean: -0.61700, std: 0.03843, params: {'max_depth': 5, 'min_child_weight': 6}"
25,"mean: -0.64652, std: 0.04595, params: {'max_depth': 6, 'min_child_weight': 1}"
26,"mean: -0.64323, std: 0.04902, params: {'max_depth': 6, 'min_child_weight': 2}"
27,"mean: -0.65265, std: 0.03985, params: {'max_depth': 6, 'min_child_weight': 3}"
28,"mean: -0.62897, std: 0.04151, params: {'max_depth': 6, 'min_child_weight': 5}"
29,"mean: -0.62081, std: 0.04085, params: {'max_depth': 6, 'min_child_weight': 6}"
30,"mean: -0.63697, std: 0.05109, params: {'max_depth': 10, 'min_child_weight': 1}"
31,"mean: -0.64082, std: 0.04983, params: {'max_depth': 10, 'min_child_weight': 2}"
32,"mean: -0.64469, std: 0.05142, params: {'max_depth': 10, 'min_child_weight': 3}"
33,"mean: -0.62488, std: 0.04365, params: {'max_depth': 10, 'min_child_weight': 5}"
34,"mean: -0.61553, std: 0.04074, params: {'max_depth': 10, 'min_child_weight': 6}"
