0,"mean: -114.08913, std: 122.24660, params: {'n_estimators': 250, 'learning_rate': 0.01}"
1,"mean: -114.71994, std: 121.99761, params: {'n_estimators': 500, 'learning_rate': 0.01}"
2,"mean: -115.05995, std: 121.91494, params: {'n_estimators': 650, 'learning_rate': 0.01}"
3,"mean: -115.27047, std: 121.72745, params: {'n_estimators': 800, 'learning_rate': 0.01}"
4,"mean: -115.27656, std: 122.09576, params: {'n_estimators': 250, 'learning_rate': 0.03}"
5,"mean: -116.23557, std: 121.43295, params: {'n_estimators': 500, 'learning_rate': 0.03}"
6,"mean: -116.73123, std: 121.29803, params: {'n_estimators': 650, 'learning_rate': 0.03}"
7,"mean: -117.29748, std: 121.25890, params: {'n_estimators': 800, 'learning_rate': 0.03}"
8,"mean: -116.23292, std: 121.80763, params: {'n_estimators': 250, 'learning_rate': 0.05}"
9,"mean: -117.86394, std: 121.76134, params: {'n_estimators': 500, 'learning_rate': 0.05}"
10,"mean: -118.65570, std: 121.72499, params: {'n_estimators': 650, 'learning_rate': 0.05}"
11,"mean: -119.47847, std: 121.54036, params: {'n_estimators': 800, 'learning_rate': 0.05}"
