0,"mean: -123.77393, std: 119.93053, params: {'max_depth': 1, 'min_child_weight': 1}"
1,"mean: -123.52701, std: 120.15463, params: {'max_depth': 1, 'min_child_weight': 2}"
2,"mean: -122.71959, std: 121.09378, params: {'max_depth': 1, 'min_child_weight': 3}"
3,"mean: -122.62293, std: 121.08136, params: {'max_depth': 1, 'min_child_weight': 5}"
4,"mean: -123.05883, std: 120.96026, params: {'max_depth': 1, 'min_child_weight': 6}"
5,"mean: -123.10346, std: 122.00016, params: {'max_depth': 2, 'min_child_weight': 1}"
6,"mean: -123.68463, std: 121.80702, params: {'max_depth': 2, 'min_child_weight': 2}"
7,"mean: -123.25702, std: 122.71145, params: {'max_depth': 2, 'min_child_weight': 3}"
8,"mean: -122.61411, std: 122.90834, params: {'max_depth': 2, 'min_child_weight': 5}"
9,"mean: -122.82932, std: 123.33493, params: {'max_depth': 2, 'min_child_weight': 6}"
10,"mean: -127.17243, std: 120.34521, params: {'max_depth': 3, 'min_child_weight': 1}"
11,"mean: -126.05813, std: 119.16365, params: {'max_depth': 3, 'min_child_weight': 2}"
12,"mean: -125.61786, std: 120.12838, params: {'max_depth': 3, 'min_child_weight': 3}"
13,"mean: -124.94204, std: 120.16686, params: {'max_depth': 3, 'min_child_weight': 5}"
14,"mean: -126.03564, std: 121.69046, params: {'max_depth': 3, 'min_child_weight': 6}"
15,"mean: -125.18446, std: 114.94149, params: {'max_depth': 4, 'min_child_weight': 1}"
16,"mean: -127.04909, std: 116.59764, params: {'max_depth': 4, 'min_child_weight': 2}"
17,"mean: -126.11194, std: 116.52558, params: {'max_depth': 4, 'min_child_weight': 3}"
18,"mean: -126.39968, std: 119.08903, params: {'max_depth': 4, 'min_child_weight': 5}"
19,"mean: -127.19353, std: 119.61824, params: {'max_depth': 4, 'min_child_weight': 6}"
20,"mean: -124.83356, std: 113.79527, params: {'max_depth': 5, 'min_child_weight': 1}"
21,"mean: -128.39153, std: 115.44521, params: {'max_depth': 5, 'min_child_weight': 2}"
22,"mean: -126.47711, std: 115.71049, params: {'max_depth': 5, 'min_child_weight': 3}"
23,"mean: -127.40073, std: 117.28120, params: {'max_depth': 5, 'min_child_weight': 5}"
24,"mean: -128.03070, std: 118.89167, params: {'max_depth': 5, 'min_child_weight': 6}"
25,"mean: -125.44321, std: 112.75296, params: {'max_depth': 6, 'min_child_weight': 1}"
26,"mean: -128.79126, std: 114.34629, params: {'max_depth': 6, 'min_child_weight': 2}"
27,"mean: -127.74798, std: 114.61601, params: {'max_depth': 6, 'min_child_weight': 3}"
28,"mean: -127.44561, std: 117.28398, params: {'max_depth': 6, 'min_child_weight': 5}"
29,"mean: -128.02263, std: 116.84756, params: {'max_depth': 6, 'min_child_weight': 6}"
30,"mean: -127.40065, std: 115.37471, params: {'max_depth': 10, 'min_child_weight': 1}"
31,"mean: -129.62540, std: 116.06653, params: {'max_depth': 10, 'min_child_weight': 2}"
32,"mean: -127.41706, std: 115.82748, params: {'max_depth': 10, 'min_child_weight': 3}"
33,"mean: -127.26040, std: 117.48385, params: {'max_depth': 10, 'min_child_weight': 5}"
34,"mean: -130.07535, std: 118.75555, params: {'max_depth': 10, 'min_child_weight': 6}"
