VIF,var,VIF_type
2.77278847121,normalized_losses,Low
13.3094177682,wheel_base,High
15.5137247592,length,High
12.6593365245,width,High
5.24875801788,height,High
34.072138753,curb_weight,High
49.1060479473,engine_size,High
7.69002372841,bore,High
4.04786572915,stroke,Low
126.342402955,compression_ratio,High
28.4080214729,horsepower,High
5.11502784968,peak_rpm,High
40.0351200269,city_mpg,High
37.315602556,highway_mpg,High
18.2039101838,price,High
inf,make_honda,High
inf,make_mazda,High
inf,make_mitsubishi,High
inf,make_nissan,High
inf,make_others,High
inf,make_peugot,High
inf,make_subaru,High
inf,make_toyota,High
inf,make_volkswagen,High
inf,make_volvo,High
inf,fuel_type_diesel,High
inf,fuel_type_gas,High
inf,aspiration_std,High
inf,aspiration_turbo,High
inf,num_of_doors_four,High
inf,num_of_doors_two,High
inf,body_style_hatchback,High
inf,body_style_others,High
inf,body_style_sedan,High
inf,body_style_wagon,High
inf,drive_wheels_4wd,High
inf,drive_wheels_fwd,High
inf,drive_wheels_rwd,High
inf,engine_location_front,High
inf,engine_location_rear,High
inf,engine_type_dohc,High
inf,engine_type_l,High
inf,engine_type_ohc,High
inf,engine_type_ohcf,High
inf,engine_type_ohcv,High
inf,engine_type_rotor,High
inf,num_of_cylinders_five,High
inf,num_of_cylinders_four,High
inf,num_of_cylinders_others,High
inf,num_of_cylinders_six,High
inf,fuel_system_1bbl,High
inf,fuel_system_2bbl,High
inf,fuel_system_idi,High
inf,fuel_system_mpfi,High
inf,fuel_system_others,High
