,0
0,make_honda
1,make_mazda
2,make_mitsubishi
3,make_nissan
4,make_others
5,make_peugot
6,make_subaru
7,make_toyota
8,make_volkswagen
9,make_volvo
10,fuel_type_diesel
11,fuel_type_gas
12,aspiration_std
13,aspiration_turbo
14,num_of_doors_four
15,num_of_doors_two
16,body_style_hatchback
17,body_style_others
18,body_style_sedan
19,body_style_wagon
20,drive_wheels_4wd
21,drive_wheels_fwd
22,drive_wheels_rwd
23,engine_location_front
24,engine_location_rear
25,engine_type_dohc
26,engine_type_l
27,engine_type_ohc
28,engine_type_ohcf
29,engine_type_ohcv
30,engine_type_rotor
31,num_of_cylinders_five
32,num_of_cylinders_four
33,num_of_cylinders_others
34,num_of_cylinders_six
35,fuel_system_1bbl
36,fuel_system_2bbl
37,fuel_system_idi
38,fuel_system_mpfi
39,fuel_system_others
