0,"mean: -0.41337, std: 0.11863, params: {'n_estimators': 250, 'learning_rate': 0.03}"
1,"mean: -0.41280, std: 0.11683, params: {'n_estimators': 300, 'learning_rate': 0.03}"
2,"mean: -0.41263, std: 0.11534, params: {'n_estimators': 350, 'learning_rate': 0.03}"
3,"mean: -0.42034, std: 0.12131, params: {'n_estimators': 500, 'learning_rate': 0.03}"
4,"mean: -0.43080, std: 0.11697, params: {'n_estimators': 700, 'learning_rate': 0.03}"
5,"mean: -0.40535, std: 0.11452, params: {'n_estimators': 250, 'learning_rate': 0.05}"
6,"mean: -0.41101, std: 0.11439, params: {'n_estimators': 300, 'learning_rate': 0.05}"
7,"mean: -0.41497, std: 0.10924, params: {'n_estimators': 350, 'learning_rate': 0.05}"
8,"mean: -0.43082, std: 0.10517, params: {'n_estimators': 500, 'learning_rate': 0.05}"
9,"mean: -0.44343, std: 0.09076, params: {'n_estimators': 700, 'learning_rate': 0.05}"
