0,"mean: -0.41596, std: 0.09991, params: {'subsample': 0.6, 'colsample_bytree': 0.4}"
1,"mean: -0.40896, std: 0.10154, params: {'subsample': 0.7, 'colsample_bytree': 0.4}"
2,"mean: -0.40338, std: 0.11000, params: {'subsample': 0.8, 'colsample_bytree': 0.4}"
3,"mean: -0.40780, std: 0.11509, params: {'subsample': 0.9, 'colsample_bytree': 0.4}"
4,"mean: -0.43108, std: 0.10609, params: {'subsample': 0.6, 'colsample_bytree': 0.5}"
5,"mean: -0.41978, std: 0.10801, params: {'subsample': 0.7, 'colsample_bytree': 0.5}"
6,"mean: -0.41780, std: 0.11267, params: {'subsample': 0.8, 'colsample_bytree': 0.5}"
7,"mean: -0.41781, std: 0.12051, params: {'subsample': 0.9, 'colsample_bytree': 0.5}"
8,"mean: -0.43916, std: 0.11327, params: {'subsample': 0.6, 'colsample_bytree': 0.6}"
9,"mean: -0.42389, std: 0.11341, params: {'subsample': 0.7, 'colsample_bytree': 0.6}"
10,"mean: -0.42023, std: 0.12026, params: {'subsample': 0.8, 'colsample_bytree': 0.6}"
11,"mean: -0.41530, std: 0.12232, params: {'subsample': 0.9, 'colsample_bytree': 0.6}"
12,"mean: -0.44079, std: 0.11619, params: {'subsample': 0.6, 'colsample_bytree': 0.7}"
13,"mean: -0.42319, std: 0.11249, params: {'subsample': 0.7, 'colsample_bytree': 0.7}"
14,"mean: -0.41645, std: 0.11453, params: {'subsample': 0.8, 'colsample_bytree': 0.7}"
15,"mean: -0.42003, std: 0.12134, params: {'subsample': 0.9, 'colsample_bytree': 0.7}"
16,"mean: -0.44241, std: 0.11177, params: {'subsample': 0.6, 'colsample_bytree': 0.8}"
17,"mean: -0.42966, std: 0.12111, params: {'subsample': 0.7, 'colsample_bytree': 0.8}"
18,"mean: -0.42694, std: 0.11555, params: {'subsample': 0.8, 'colsample_bytree': 0.8}"
19,"mean: -0.42455, std: 0.12109, params: {'subsample': 0.9, 'colsample_bytree': 0.8}"
20,"mean: -0.44006, std: 0.11520, params: {'subsample': 0.6, 'colsample_bytree': 0.9}"
21,"mean: -0.42883, std: 0.12303, params: {'subsample': 0.7, 'colsample_bytree': 0.9}"
22,"mean: -0.42519, std: 0.12068, params: {'subsample': 0.8, 'colsample_bytree': 0.9}"
23,"mean: -0.42735, std: 0.12675, params: {'subsample': 0.9, 'colsample_bytree': 0.9}"
