0,"mean: -0.48336, std: 0.12936, params: {'max_depth': 2, 'min_child_weight': 1}"
1,"mean: -0.48703, std: 0.12041, params: {'max_depth': 2, 'min_child_weight': 2}"
2,"mean: -0.45747, std: 0.12832, params: {'max_depth': 2, 'min_child_weight': 3}"
3,"mean: -0.43576, std: 0.12343, params: {'max_depth': 2, 'min_child_weight': 4}"
4,"mean: -0.41906, std: 0.12022, params: {'max_depth': 2, 'min_child_weight': 5}"
5,"mean: -0.42321, std: 0.11276, params: {'max_depth': 2, 'min_child_weight': 6}"
6,"mean: -0.46502, std: 0.12419, params: {'max_depth': 2, 'min_child_weight': 10}"
7,"mean: -0.61173, std: 0.03189, params: {'max_depth': 2, 'min_child_weight': 15}"
8,"mean: -0.69315, std: 0.00000, params: {'max_depth': 2, 'min_child_weight': 100}"
9,"mean: -0.47603, std: 0.14569, params: {'max_depth': 3, 'min_child_weight': 1}"
10,"mean: -0.46592, std: 0.15043, params: {'max_depth': 3, 'min_child_weight': 2}"
11,"mean: -0.45010, std: 0.12842, params: {'max_depth': 3, 'min_child_weight': 3}"
12,"mean: -0.43332, std: 0.12914, params: {'max_depth': 3, 'min_child_weight': 4}"
13,"mean: -0.41530, std: 0.12232, params: {'max_depth': 3, 'min_child_weight': 5}"
14,"mean: -0.42430, std: 0.11366, params: {'max_depth': 3, 'min_child_weight': 6}"
15,"mean: -0.46502, std: 0.12419, params: {'max_depth': 3, 'min_child_weight': 10}"
16,"mean: -0.61173, std: 0.03189, params: {'max_depth': 3, 'min_child_weight': 15}"
17,"mean: -0.69315, std: 0.00000, params: {'max_depth': 3, 'min_child_weight': 100}"
18,"mean: -0.48663, std: 0.16105, params: {'max_depth': 4, 'min_child_weight': 1}"
19,"mean: -0.46202, std: 0.14987, params: {'max_depth': 4, 'min_child_weight': 2}"
20,"mean: -0.44527, std: 0.13497, params: {'max_depth': 4, 'min_child_weight': 3}"
21,"mean: -0.43574, std: 0.13010, params: {'max_depth': 4, 'min_child_weight': 4}"
22,"mean: -0.41530, std: 0.12232, params: {'max_depth': 4, 'min_child_weight': 5}"
23,"mean: -0.42430, std: 0.11366, params: {'max_depth': 4, 'min_child_weight': 6}"
24,"mean: -0.46502, std: 0.12419, params: {'max_depth': 4, 'min_child_weight': 10}"
25,"mean: -0.61173, std: 0.03189, params: {'max_depth': 4, 'min_child_weight': 15}"
26,"mean: -0.69315, std: 0.00000, params: {'max_depth': 4, 'min_child_weight': 100}"
27,"mean: -0.48925, std: 0.16131, params: {'max_depth': 5, 'min_child_weight': 1}"
28,"mean: -0.46308, std: 0.14888, params: {'max_depth': 5, 'min_child_weight': 2}"
29,"mean: -0.44527, std: 0.13497, params: {'max_depth': 5, 'min_child_weight': 3}"
30,"mean: -0.43574, std: 0.13010, params: {'max_depth': 5, 'min_child_weight': 4}"
31,"mean: -0.41530, std: 0.12232, params: {'max_depth': 5, 'min_child_weight': 5}"
32,"mean: -0.42430, std: 0.11366, params: {'max_depth': 5, 'min_child_weight': 6}"
33,"mean: -0.46502, std: 0.12419, params: {'max_depth': 5, 'min_child_weight': 10}"
34,"mean: -0.61173, std: 0.03189, params: {'max_depth': 5, 'min_child_weight': 15}"
35,"mean: -0.69315, std: 0.00000, params: {'max_depth': 5, 'min_child_weight': 100}"
36,"mean: -0.48785, std: 0.16485, params: {'max_depth': 6, 'min_child_weight': 1}"
37,"mean: -0.46308, std: 0.14888, params: {'max_depth': 6, 'min_child_weight': 2}"
38,"mean: -0.44527, std: 0.13497, params: {'max_depth': 6, 'min_child_weight': 3}"
39,"mean: -0.43574, std: 0.13010, params: {'max_depth': 6, 'min_child_weight': 4}"
40,"mean: -0.41530, std: 0.12232, params: {'max_depth': 6, 'min_child_weight': 5}"
41,"mean: -0.42430, std: 0.11366, params: {'max_depth': 6, 'min_child_weight': 6}"
42,"mean: -0.46502, std: 0.12419, params: {'max_depth': 6, 'min_child_weight': 10}"
43,"mean: -0.61173, std: 0.03189, params: {'max_depth': 6, 'min_child_weight': 15}"
44,"mean: -0.69315, std: 0.00000, params: {'max_depth': 6, 'min_child_weight': 100}"
