0,"mean: -0.40198, std: 0.10784, params: {'max_delta_step': 0}"
1,"mean: -0.40411, std: 0.11050, params: {'max_delta_step': 1}"
2,"mean: -0.40198, std: 0.10784, params: {'max_delta_step': 2}"
3,"mean: -0.40198, std: 0.10784, params: {'max_delta_step': 3}"
4,"mean: -0.40198, std: 0.10784, params: {'max_delta_step': 4}"
5,"mean: -0.40198, std: 0.10784, params: {'max_delta_step': 5}"
6,"mean: -0.40198, std: 0.10784, params: {'max_delta_step': 10}"
7,"mean: -0.40198, std: 0.10784, params: {'max_delta_step': 100}"
