0,"mean: -0.21602, std: 0.00175, params: {'subsample': 0.6, 'colsample_bytree': 0.6}"
1,"mean: -0.21558, std: 0.00192, params: {'subsample': 0.7, 'colsample_bytree': 0.6}"
2,"mean: -0.21539, std: 0.00173, params: {'subsample': 0.8, 'colsample_bytree': 0.6}"
3,"mean: -0.21554, std: 0.00198, params: {'subsample': 0.9, 'colsample_bytree': 0.6}"
4,"mean: -0.21592, std: 0.00195, params: {'subsample': 0.6, 'colsample_bytree': 0.7}"
5,"mean: -0.21528, std: 0.00195, params: {'subsample': 0.7, 'colsample_bytree': 0.7}"
6,"mean: -0.21538, std: 0.00187, params: {'subsample': 0.8, 'colsample_bytree': 0.7}"
7,"mean: -0.21523, std: 0.00209, params: {'subsample': 0.9, 'colsample_bytree': 0.7}"
8,"mean: -0.21572, std: 0.00181, params: {'subsample': 0.6, 'colsample_bytree': 0.8}"
9,"mean: -0.21542, std: 0.00194, params: {'subsample': 0.7, 'colsample_bytree': 0.8}"
10,"mean: -0.21531, std: 0.00187, params: {'subsample': 0.8, 'colsample_bytree': 0.8}"
11,"mean: -0.21549, std: 0.00191, params: {'subsample': 0.9, 'colsample_bytree': 0.8}"
12,"mean: -0.21593, std: 0.00186, params: {'subsample': 0.6, 'colsample_bytree': 0.9}"
13,"mean: -0.21549, std: 0.00185, params: {'subsample': 0.7, 'colsample_bytree': 0.9}"
14,"mean: -0.21543, std: 0.00200, params: {'subsample': 0.8, 'colsample_bytree': 0.9}"
15,"mean: -0.21544, std: 0.00211, params: {'subsample': 0.9, 'colsample_bytree': 0.9}"
