0,"mean: -0.23880, std: 0.00367, params: {'max_depth': 1, 'min_child_weight': 1}"
1,"mean: -0.23880, std: 0.00367, params: {'max_depth': 1, 'min_child_weight': 2}"
2,"mean: -0.23880, std: 0.00367, params: {'max_depth': 1, 'min_child_weight': 3}"
3,"mean: -0.23880, std: 0.00367, params: {'max_depth': 1, 'min_child_weight': 5}"
4,"mean: -0.23880, std: 0.00367, params: {'max_depth': 1, 'min_child_weight': 6}"
5,"mean: -0.21866, std: 0.00286, params: {'max_depth': 2, 'min_child_weight': 1}"
6,"mean: -0.21855, std: 0.00286, params: {'max_depth': 2, 'min_child_weight': 2}"
7,"mean: -0.21862, std: 0.00279, params: {'max_depth': 2, 'min_child_weight': 3}"
8,"mean: -0.21848, std: 0.00275, params: {'max_depth': 2, 'min_child_weight': 5}"
9,"mean: -0.21848, std: 0.00271, params: {'max_depth': 2, 'min_child_weight': 6}"
10,"mean: -0.21558, std: 0.00195, params: {'max_depth': 3, 'min_child_weight': 1}"
11,"mean: -0.21580, std: 0.00177, params: {'max_depth': 3, 'min_child_weight': 2}"
12,"mean: -0.21567, std: 0.00177, params: {'max_depth': 3, 'min_child_weight': 3}"
13,"mean: -0.21542, std: 0.00194, params: {'max_depth': 3, 'min_child_weight': 5}"
14,"mean: -0.21581, std: 0.00203, params: {'max_depth': 3, 'min_child_weight': 6}"
15,"mean: -0.21607, std: 0.00159, params: {'max_depth': 4, 'min_child_weight': 1}"
16,"mean: -0.21600, std: 0.00113, params: {'max_depth': 4, 'min_child_weight': 2}"
17,"mean: -0.21590, std: 0.00151, params: {'max_depth': 4, 'min_child_weight': 3}"
18,"mean: -0.21633, std: 0.00155, params: {'max_depth': 4, 'min_child_weight': 5}"
19,"mean: -0.21609, std: 0.00154, params: {'max_depth': 4, 'min_child_weight': 6}"
20,"mean: -0.21785, std: 0.00148, params: {'max_depth': 5, 'min_child_weight': 1}"
21,"mean: -0.21793, std: 0.00133, params: {'max_depth': 5, 'min_child_weight': 2}"
22,"mean: -0.21790, std: 0.00140, params: {'max_depth': 5, 'min_child_weight': 3}"
23,"mean: -0.21823, std: 0.00148, params: {'max_depth': 5, 'min_child_weight': 5}"
24,"mean: -0.21766, std: 0.00190, params: {'max_depth': 5, 'min_child_weight': 6}"
25,"mean: -0.22111, std: 0.00149, params: {'max_depth': 6, 'min_child_weight': 1}"
26,"mean: -0.22100, std: 0.00166, params: {'max_depth': 6, 'min_child_weight': 2}"
27,"mean: -0.22122, std: 0.00170, params: {'max_depth': 6, 'min_child_weight': 3}"
28,"mean: -0.22065, std: 0.00148, params: {'max_depth': 6, 'min_child_weight': 5}"
29,"mean: -0.22006, std: 0.00187, params: {'max_depth': 6, 'min_child_weight': 6}"
30,"mean: -0.24430, std: 0.00288, params: {'max_depth': 10, 'min_child_weight': 1}"
31,"mean: -0.24220, std: 0.00292, params: {'max_depth': 10, 'min_child_weight': 2}"
32,"mean: -0.23981, std: 0.00184, params: {'max_depth': 10, 'min_child_weight': 3}"
33,"mean: -0.23447, std: 0.00258, params: {'max_depth': 10, 'min_child_weight': 5}"
34,"mean: -0.23357, std: 0.00246, params: {'max_depth': 10, 'min_child_weight': 6}"
