0,"mean: -0.28172, std: 0.00225, params: {'n_estimators': 250, 'learning_rate': 0.01}"
1,"mean: -0.23512, std: 0.00241, params: {'n_estimators': 500, 'learning_rate': 0.01}"
2,"mean: -0.22889, std: 0.00238, params: {'n_estimators': 650, 'learning_rate': 0.01}"
3,"mean: -0.22511, std: 0.00260, params: {'n_estimators': 800, 'learning_rate': 0.01}"
4,"mean: -0.22545, std: 0.00258, params: {'n_estimators': 250, 'learning_rate': 0.03}"
5,"mean: -0.21724, std: 0.00266, params: {'n_estimators': 500, 'learning_rate': 0.03}"
6,"mean: -0.21613, std: 0.00251, params: {'n_estimators': 650, 'learning_rate': 0.03}"
7,"mean: -0.21538, std: 0.00233, params: {'n_estimators': 800, 'learning_rate': 0.03}"
8,"mean: -0.21823, std: 0.00285, params: {'n_estimators': 250, 'learning_rate': 0.05}"
9,"mean: -0.21500, std: 0.00234, params: {'n_estimators': 500, 'learning_rate': 0.05}"
10,"mean: -0.21479, std: 0.00203, params: {'n_estimators': 650, 'learning_rate': 0.05}"
11,"mean: -0.21475, std: 0.00194, params: {'n_estimators': 800, 'learning_rate': 0.05}"
