0,"mean: -0.21497, std: 0.00187, params: {'max_delta_step': 0}"
1,"mean: -0.21448, std: 0.00218, params: {'max_delta_step': 1}"
2,"mean: -0.21497, std: 0.00187, params: {'max_delta_step': 2}"
3,"mean: -0.21497, std: 0.00187, params: {'max_delta_step': 3}"
4,"mean: -0.21497, std: 0.00187, params: {'max_delta_step': 4}"
5,"mean: -0.21497, std: 0.00187, params: {'max_delta_step': 5}"
6,"mean: -0.21497, std: 0.00187, params: {'max_delta_step': 10}"
7,"mean: -0.21497, std: 0.00187, params: {'max_delta_step': 100}"
