0,"mean: -0.23977, std: 0.00367, params: {'max_depth': 1, 'min_child_weight': 1}"
1,"mean: -0.23977, std: 0.00367, params: {'max_depth': 1, 'min_child_weight': 3}"
2,"mean: -0.23977, std: 0.00367, params: {'max_depth': 1, 'min_child_weight': 5}"
3,"mean: -0.23977, std: 0.00367, params: {'max_depth': 1, 'min_child_weight': 7}"
4,"mean: -0.21944, std: 0.00303, params: {'max_depth': 2, 'min_child_weight': 1}"
5,"mean: -0.21950, std: 0.00306, params: {'max_depth': 2, 'min_child_weight': 3}"
6,"mean: -0.21941, std: 0.00307, params: {'max_depth': 2, 'min_child_weight': 5}"
7,"mean: -0.21952, std: 0.00319, params: {'max_depth': 2, 'min_child_weight': 7}"
8,"mean: -0.21478, std: 0.00207, params: {'max_depth': 3, 'min_child_weight': 1}"
9,"mean: -0.21473, std: 0.00217, params: {'max_depth': 3, 'min_child_weight': 3}"
10,"mean: -0.21498, std: 0.00221, params: {'max_depth': 3, 'min_child_weight': 5}"
11,"mean: -0.21487, std: 0.00202, params: {'max_depth': 3, 'min_child_weight': 7}"
12,"mean: -0.21621, std: 0.00156, params: {'max_depth': 5, 'min_child_weight': 1}"
13,"mean: -0.21603, std: 0.00151, params: {'max_depth': 5, 'min_child_weight': 3}"
14,"mean: -0.21640, std: 0.00157, params: {'max_depth': 5, 'min_child_weight': 5}"
15,"mean: -0.21617, std: 0.00185, params: {'max_depth': 5, 'min_child_weight': 7}"
16,"mean: -0.22054, std: 0.00209, params: {'max_depth': 7, 'min_child_weight': 1}"
17,"mean: -0.21992, std: 0.00195, params: {'max_depth': 7, 'min_child_weight': 3}"
18,"mean: -0.21981, std: 0.00187, params: {'max_depth': 7, 'min_child_weight': 5}"
19,"mean: -0.21954, std: 0.00197, params: {'max_depth': 7, 'min_child_weight': 7}"
20,"mean: -0.22782, std: 0.00263, params: {'max_depth': 9, 'min_child_weight': 1}"
21,"mean: -0.22533, std: 0.00255, params: {'max_depth': 9, 'min_child_weight': 3}"
22,"mean: -0.22480, std: 0.00209, params: {'max_depth': 9, 'min_child_weight': 5}"
23,"mean: -0.22366, std: 0.00237, params: {'max_depth': 9, 'min_child_weight': 7}"
