0,"mean: -0.21572, std: 0.00213, params: {'subsample': 0.7, 'colsample_bytree': 0.5}"
1,"mean: -0.21536, std: 0.00177, params: {'subsample': 0.8, 'colsample_bytree': 0.5}"
2,"mean: -0.21537, std: 0.00175, params: {'subsample': 0.9, 'colsample_bytree': 0.5}"
3,"mean: -0.21560, std: 0.00193, params: {'subsample': 0.7, 'colsample_bytree': 0.6}"
4,"mean: -0.21522, std: 0.00189, params: {'subsample': 0.8, 'colsample_bytree': 0.6}"
5,"mean: -0.21506, std: 0.00196, params: {'subsample': 0.9, 'colsample_bytree': 0.6}"
6,"mean: -0.21503, std: 0.00217, params: {'subsample': 0.7, 'colsample_bytree': 0.7}"
7,"mean: -0.21496, std: 0.00212, params: {'subsample': 0.8, 'colsample_bytree': 0.7}"
8,"mean: -0.21473, std: 0.00217, params: {'subsample': 0.9, 'colsample_bytree': 0.7}"
9,"mean: -0.21513, std: 0.00238, params: {'subsample': 0.7, 'colsample_bytree': 0.8}"
10,"mean: -0.21488, std: 0.00210, params: {'subsample': 0.8, 'colsample_bytree': 0.8}"
11,"mean: -0.21481, std: 0.00212, params: {'subsample': 0.9, 'colsample_bytree': 0.8}"
12,"mean: -0.21500, std: 0.00209, params: {'subsample': 0.7, 'colsample_bytree': 0.9}"
13,"mean: -0.21469, std: 0.00215, params: {'subsample': 0.8, 'colsample_bytree': 0.9}"
14,"mean: -0.21467, std: 0.00193, params: {'subsample': 0.9, 'colsample_bytree': 0.9}"
