0,"mean: -0.23202, std: 0.00292, params: {'n_estimators': 600, 'learning_rate': 0.01}"
1,"mean: -0.22963, std: 0.00296, params: {'n_estimators': 650, 'learning_rate': 0.01}"
2,"mean: -0.22780, std: 0.00287, params: {'n_estimators': 700, 'learning_rate': 0.01}"
3,"mean: -0.22604, std: 0.00282, params: {'n_estimators': 750, 'learning_rate': 0.01}"
4,"mean: -0.22457, std: 0.00274, params: {'n_estimators': 800, 'learning_rate': 0.01}"
5,"mean: -0.22344, std: 0.00271, params: {'n_estimators': 850, 'learning_rate': 0.01}"
6,"mean: -0.22256, std: 0.00274, params: {'n_estimators': 600, 'learning_rate': 0.015}"
7,"mean: -0.22122, std: 0.00275, params: {'n_estimators': 650, 'learning_rate': 0.015}"
8,"mean: -0.22025, std: 0.00281, params: {'n_estimators': 700, 'learning_rate': 0.015}"
9,"mean: -0.21939, std: 0.00279, params: {'n_estimators': 750, 'learning_rate': 0.015}"
10,"mean: -0.21868, std: 0.00281, params: {'n_estimators': 800, 'learning_rate': 0.015}"
11,"mean: -0.21811, std: 0.00284, params: {'n_estimators': 850, 'learning_rate': 0.015}"
12,"mean: -0.21687, std: 0.00236, params: {'n_estimators': 600, 'learning_rate': 0.025}"
13,"mean: -0.21648, std: 0.00238, params: {'n_estimators': 650, 'learning_rate': 0.025}"
14,"mean: -0.21609, std: 0.00245, params: {'n_estimators': 700, 'learning_rate': 0.025}"
15,"mean: -0.21576, std: 0.00242, params: {'n_estimators': 750, 'learning_rate': 0.025}"
16,"mean: -0.21554, std: 0.00236, params: {'n_estimators': 800, 'learning_rate': 0.025}"
17,"mean: -0.21529, std: 0.00228, params: {'n_estimators': 850, 'learning_rate': 0.025}"
18,"mean: -0.21586, std: 0.00247, params: {'n_estimators': 600, 'learning_rate': 0.03}"
19,"mean: -0.21560, std: 0.00247, params: {'n_estimators': 650, 'learning_rate': 0.03}"
20,"mean: -0.21523, std: 0.00254, params: {'n_estimators': 700, 'learning_rate': 0.03}"
21,"mean: -0.21502, std: 0.00246, params: {'n_estimators': 750, 'learning_rate': 0.03}"
22,"mean: -0.21484, std: 0.00237, params: {'n_estimators': 800, 'learning_rate': 0.03}"
23,"mean: -0.21473, std: 0.00225, params: {'n_estimators': 850, 'learning_rate': 0.03}"
24,"mean: -0.21461, std: 0.00221, params: {'n_estimators': 600, 'learning_rate': 0.05}"
25,"mean: -0.21455, std: 0.00207, params: {'n_estimators': 650, 'learning_rate': 0.05}"
26,"mean: -0.21448, std: 0.00218, params: {'n_estimators': 700, 'learning_rate': 0.05}"
27,"mean: -0.21452, std: 0.00204, params: {'n_estimators': 750, 'learning_rate': 0.05}"
28,"mean: -0.21458, std: 0.00192, params: {'n_estimators': 800, 'learning_rate': 0.05}"
29,"mean: -0.21456, std: 0.00187, params: {'n_estimators': 850, 'learning_rate': 0.05}"
