0,"mean: -0.21482, std: 0.00184, params: {'max_delta_step': 0}"
1,"mean: -0.21477, std: 0.00182, params: {'max_delta_step': 1}"
2,"mean: -0.21504, std: 0.00179, params: {'max_delta_step': 2}"
3,"mean: -0.21482, std: 0.00184, params: {'max_delta_step': 3}"
4,"mean: -0.21482, std: 0.00184, params: {'max_delta_step': 4}"
5,"mean: -0.21482, std: 0.00184, params: {'max_delta_step': 5}"
6,"mean: -0.21482, std: 0.00184, params: {'max_delta_step': 10}"
7,"mean: -0.21482, std: 0.00184, params: {'max_delta_step': 100}"
