0,"mean: -0.21689, std: 0.00223, params: {'n_estimators': 300}"
1,"mean: -0.21596, std: 0.00234, params: {'n_estimators': 350}"
2,"mean: -0.21543, std: 0.00217, params: {'n_estimators': 400}"
3,"mean: -0.21514, std: 0.00211, params: {'n_estimators': 450}"
4,"mean: -0.21487, std: 0.00190, params: {'n_estimators': 500}"
5,"mean: -0.21478, std: 0.00187, params: {'n_estimators': 550}"
6,"mean: -0.21487, std: 0.00176, params: {'n_estimators': 600}"
7,"mean: -0.21483, std: 0.00179, params: {'n_estimators': 650}"
8,"mean: -0.21477, std: 0.00182, params: {'n_estimators': 700}"
9,"mean: -0.21481, std: 0.00172, params: {'n_estimators': 750}"
