0,"mean: -0.21584, std: 0.00152, params: {'subsample': 0.6, 'colsample_bytree': 0.6}"
1,"mean: -0.21580, std: 0.00164, params: {'subsample': 0.7, 'colsample_bytree': 0.6}"
2,"mean: -0.21538, std: 0.00165, params: {'subsample': 0.8, 'colsample_bytree': 0.6}"
3,"mean: -0.21530, std: 0.00154, params: {'subsample': 0.9, 'colsample_bytree': 0.6}"
4,"mean: -0.21572, std: 0.00151, params: {'subsample': 0.6, 'colsample_bytree': 0.7}"
5,"mean: -0.21561, std: 0.00173, params: {'subsample': 0.7, 'colsample_bytree': 0.7}"
6,"mean: -0.21510, std: 0.00172, params: {'subsample': 0.8, 'colsample_bytree': 0.7}"
7,"mean: -0.21552, std: 0.00168, params: {'subsample': 0.9, 'colsample_bytree': 0.7}"
8,"mean: -0.21571, std: 0.00162, params: {'subsample': 0.6, 'colsample_bytree': 0.8}"
9,"mean: -0.21553, std: 0.00180, params: {'subsample': 0.7, 'colsample_bytree': 0.8}"
10,"mean: -0.21543, std: 0.00180, params: {'subsample': 0.8, 'colsample_bytree': 0.8}"
11,"mean: -0.21541, std: 0.00180, params: {'subsample': 0.9, 'colsample_bytree': 0.8}"
12,"mean: -0.21583, std: 0.00173, params: {'subsample': 0.6, 'colsample_bytree': 0.9}"
13,"mean: -0.21547, std: 0.00191, params: {'subsample': 0.7, 'colsample_bytree': 0.9}"
14,"mean: -0.21492, std: 0.00172, params: {'subsample': 0.8, 'colsample_bytree': 0.9}"
15,"mean: -0.21529, std: 0.00167, params: {'subsample': 0.9, 'colsample_bytree': 0.9}"
