0,"mean: -0.27590, std: 0.00269, params: {'n_estimators': 250, 'learning_rate': 0.01}"
1,"mean: -0.23796, std: 0.00260, params: {'n_estimators': 500, 'learning_rate': 0.01}"
2,"mean: -0.22979, std: 0.00255, params: {'n_estimators': 650, 'learning_rate': 0.01}"
3,"mean: -0.22492, std: 0.00245, params: {'n_estimators': 800, 'learning_rate': 0.01}"
4,"mean: -0.22598, std: 0.00259, params: {'n_estimators': 250, 'learning_rate': 0.03}"
5,"mean: -0.21668, std: 0.00245, params: {'n_estimators': 500, 'learning_rate': 0.03}"
6,"mean: -0.21548, std: 0.00223, params: {'n_estimators': 650, 'learning_rate': 0.03}"
7,"mean: -0.21496, std: 0.00210, params: {'n_estimators': 800, 'learning_rate': 0.03}"
8,"mean: -0.21838, std: 0.00248, params: {'n_estimators': 250, 'learning_rate': 0.05}"
9,"mean: -0.21487, std: 0.00190, params: {'n_estimators': 500, 'learning_rate': 0.05}"
10,"mean: -0.21483, std: 0.00179, params: {'n_estimators': 650, 'learning_rate': 0.05}"
11,"mean: -0.21480, std: 0.00172, params: {'n_estimators': 800, 'learning_rate': 0.05}"
