0,"mean: -0.23911, std: 0.00363, params: {'max_depth': 1, 'min_child_weight': 1}"
1,"mean: -0.23911, std: 0.00363, params: {'max_depth': 1, 'min_child_weight': 2}"
2,"mean: -0.23911, std: 0.00363, params: {'max_depth': 1, 'min_child_weight': 3}"
3,"mean: -0.23911, std: 0.00363, params: {'max_depth': 1, 'min_child_weight': 5}"
4,"mean: -0.23911, std: 0.00363, params: {'max_depth': 1, 'min_child_weight': 6}"
5,"mean: -0.21865, std: 0.00283, params: {'max_depth': 2, 'min_child_weight': 1}"
6,"mean: -0.21873, std: 0.00279, params: {'max_depth': 2, 'min_child_weight': 2}"
7,"mean: -0.21874, std: 0.00277, params: {'max_depth': 2, 'min_child_weight': 3}"
8,"mean: -0.21850, std: 0.00267, params: {'max_depth': 2, 'min_child_weight': 5}"
9,"mean: -0.21864, std: 0.00274, params: {'max_depth': 2, 'min_child_weight': 6}"
10,"mean: -0.21554, std: 0.00189, params: {'max_depth': 3, 'min_child_weight': 1}"
11,"mean: -0.21557, std: 0.00188, params: {'max_depth': 3, 'min_child_weight': 2}"
12,"mean: -0.21567, std: 0.00179, params: {'max_depth': 3, 'min_child_weight': 3}"
13,"mean: -0.21557, std: 0.00206, params: {'max_depth': 3, 'min_child_weight': 5}"
14,"mean: -0.21554, std: 0.00207, params: {'max_depth': 3, 'min_child_weight': 6}"
15,"mean: -0.21599, std: 0.00183, params: {'max_depth': 4, 'min_child_weight': 1}"
16,"mean: -0.21634, std: 0.00163, params: {'max_depth': 4, 'min_child_weight': 2}"
17,"mean: -0.21632, std: 0.00182, params: {'max_depth': 4, 'min_child_weight': 3}"
18,"mean: -0.21627, std: 0.00197, params: {'max_depth': 4, 'min_child_weight': 5}"
19,"mean: -0.21636, std: 0.00190, params: {'max_depth': 4, 'min_child_weight': 6}"
20,"mean: -0.21842, std: 0.00128, params: {'max_depth': 5, 'min_child_weight': 1}"
21,"mean: -0.21810, std: 0.00163, params: {'max_depth': 5, 'min_child_weight': 2}"
22,"mean: -0.21813, std: 0.00190, params: {'max_depth': 5, 'min_child_weight': 3}"
23,"mean: -0.21806, std: 0.00173, params: {'max_depth': 5, 'min_child_weight': 5}"
24,"mean: -0.21755, std: 0.00203, params: {'max_depth': 5, 'min_child_weight': 6}"
25,"mean: -0.22162, std: 0.00130, params: {'max_depth': 6, 'min_child_weight': 1}"
26,"mean: -0.22178, std: 0.00200, params: {'max_depth': 6, 'min_child_weight': 2}"
27,"mean: -0.22031, std: 0.00188, params: {'max_depth': 6, 'min_child_weight': 3}"
28,"mean: -0.22072, std: 0.00170, params: {'max_depth': 6, 'min_child_weight': 5}"
29,"mean: -0.22060, std: 0.00203, params: {'max_depth': 6, 'min_child_weight': 6}"
30,"mean: -0.24594, std: 0.00295, params: {'max_depth': 10, 'min_child_weight': 1}"
31,"mean: -0.24200, std: 0.00353, params: {'max_depth': 10, 'min_child_weight': 2}"
32,"mean: -0.24023, std: 0.00406, params: {'max_depth': 10, 'min_child_weight': 3}"
33,"mean: -0.23525, std: 0.00302, params: {'max_depth': 10, 'min_child_weight': 5}"
34,"mean: -0.23419, std: 0.00299, params: {'max_depth': 10, 'min_child_weight': 6}"
