index,value_cnt,value_prcnt,mapped,column_name
DGCQep2AE5QRkNCshIAlFQ==,20484,34.1593569689,score_1_0,score_1
1Rk8w4Ucd5yR3KcqZzLdow==,14853,24.7690357869,score_1_1,score_1
4DLlLW62jReXaqbPaHp1vQ==,10595,17.6683453957,score_1_2,score_1
8k8UDR4Yx0qasAjkGrUZLw==,8496,14.1680285495,score_1_3,score_1
e4NYDor1NOw6XKGE60AWFw==,3662,6.10679384985,score_1_4,score_1
smzX0nxh5QlePvtVf6EAeg==,1535,2.55978387753,score_1_others,score_1
fyrlulOiZ+5hoFqLa6UbDQ==,341,0.568655571491,score_1_others,score_1
N5/CE7lSkAfB04hVFFwllw==,29695,49.5197278458,real_state_0,real_state
n+xK9CfX0bCn77lClTWviw==,25309,42.2055831638,real_state_1,real_state
nSpvDsIsslUaX6GE6m6eQA==,4897,8.1662942334,real_state_2,real_state
UX7AdFYgQh+VrVC5eIaU9w==,53,0.0883834172698,real_state_others,real_state
+qWF9pJpVGtTFn4vFjb/cg==,12,0.0200113397592,real_state_others,real_state
